institute_id,name,tlr,rpc,go,oi,perception,city,state,score,rank,Year
IR-E-U-0456,Indian Institute of Technology Madras,95.42,94.64,83.9,61.31,100,Chennai,Tamil Nadu,89.93,1,2020
IR-E-I-1074,Indian Institute of Technology Delhi,90.79,96.15,80.36,64.81,94.46,New Delhi,Delhi,88.08,2,2020
IR-E-U-0306,Indian Institute of Technology Bombay,91,93.37,77.6,49.99,92.51,Mumbai,Maharashtra,85.08,3,2020
IR-E-I-1075,Indian Institute of Technology Kanpur,86.22,82.08,88.44,54.21,85.78,Kanpur,Uttar Pradesh,82.18,4,2020
IR-E-U-0573,Indian Institute of Technology Kharagpur,77.32,87.11,83.21,56.62,89.31,Kharagpur,West Bengal,80.56,5,2020
IR-E-U-0560,Indian Institute of Technology Roorkee,77.21,76.57,89.65,61.71,60.55,Roorkee,Uttarakhand,76.29,6,2020
IR-E-U-0053,Indian Institute of Technology Guwahati,83.04,70.73,83.03,59.13,62.45,Guwahati,Assam,74.9,7,2020
IR-E-U-0013,Indian Institute of Technology Hyderabad,82.51,52.47,71.54,55.98,60.42,Hyderabad,Telangana,66.44,8,2020
IR-E-U-0467,National Institute of Technology Tiruchirappalli,72.11,50.04,74.71,61.49,63.68,Tiruchirappalli,Tamil Nadu,64.1,9,2020
IR-E-U-0273,Indian Institute of Technology Indore,79.89,53.31,72.09,57.76,27.15,Indore,Madhya Pradesh,62.88,10,2020
IR-E-U-0701,Indian Institute of Technology (BHU) Varanasi,72.34,47.77,77.77,56.07,53.49,Varanasi,Uttar Pradesh,62.54,11,2020
IR-E-U-0205,Indian Institute of Technology (Indian School of Mines),64.02,63.12,72.11,55.07,39.78,Dhanbad,Jharkhand,62.06,12,2020
IR-E-U-0237,National Institute of Technology Karnataka,68.93,46.03,78.67,55.24,55.59,Surathkal,Karnataka,61.3,13,2020
IR-E-U-0439,Anna University,64.62,54.07,61.5,51.62,68.24,Chennai,Tamil Nadu,59.89,14,2020
IR-E-U-0490,Vellore Institute of Technology,56.79,64.06,63.07,58.21,46.29,Vellore,Tamil Nadu,59.32,15,2020
IR-E-U-0357,National Institute of Technology Rourkela,64.38,57.82,74.3,47.23,30.48,Rourkela,Odisha,59.29,16,2020
IR-E-U-0575,Jadavpur University,53.73,62.04,76.45,40.45,51.61,Kolkata,West Bengal,59.23,17,2020
IR-E-U-0308,Institute of Chemical Technology,68.13,54.04,74.66,45.17,25.98,Mumbai,Maharashtra,58.7,18,2020
IR-E-U-0025,National Institute of Technology Warangal,73.38,38.12,74.21,57.81,36.91,Warangal,Telangana,57.76,19,2020
IR-E-U-0436,Amrita Vishwa Vidyapeetham,65.77,56.76,59,60.07,28.01,Coimbatore,Tamil Nadu,57.37,20,2020
IR-E-U-0584,Indian Institute of Engineering Science and Technology,69.57,47.62,63.17,47.92,45.56,Shibpur,West Bengal,57.14,21,2020
IR-E-U-0355,Indian Institute of Technology Bhubaneswar,77.05,37.17,64.77,56.27,39.56,Bhubaneswar,Odisha,56.8,22,2020
IR-E-U-0263,National Institute of Technology Calicut,71.05,31.3,78.29,63.87,38.04,Kozhikode,Kerala,56.56,23,2020
IR-E-U-0139,Indian Institute of Technology Gandhinagar,83.76,34.55,55.15,57.9,38.26,Gandhinagar,Gujarat,56.15,24,2020
IR-E-U-0378,Indian Institute of Technology Ropar,79.11,30.54,70.31,59.24,30.75,Rupnagar,Punjab,55.95,25,2020
IR-E-U-0064,Indian Institute of Technology Patna,78.2,39.24,62.28,51.86,28.57,Patna,Bihar,55.74,26,2020
IR-E-U-0334,Visvesvaraya National Institute of Technology,67.7,45.19,69.73,53.77,15.56,Nagpur,Maharashtra,54.76,27,2020
IR-E-U-0108,Jamia Millia Islamia,63.16,48.11,71.43,58,11.13,New Delhi,Delhi,54.58,28,2020
IR-E-I-1480,Thapar Institute of Engineering & Technology,65.95,47.65,65.69,54.82,17.42,Patiala,Punjab,54.45,29,2020
IR-E-U-0391,Birla Institute of Technology & Science,61.95,34.87,77.36,56.26,42.47,Pilani,Rajasthan,54.39,30,2020
IR-E-U-0184,Indian Institute of Technology Mandi,70.38,36.8,67.11,64.7,21.26,Mandi,Himachal Pradesh,54.17,31,2020
IR-E-U-0497,Amity University Noida,71.22,50.11,51.01,56.94,8.05,Gautam Budh Nagar,Uttar Pradesh,53.09,32,2020
IR-E-U-0255,Indian Institute of Space Science and Technology,78.65,24.02,62.88,62.97,33.32,Thiruvananthapuram,Kerala,53.01,33,2020
IR-E-U-0363,Siksha `O` Anusandhan,74.73,29.41,68.18,64.26,10.7,Bhubaneswar,Odisha,52.38,34,2020
IR-E-U-0410,Malaviya National Institute of Technology,71.41,41.69,59.89,54.4,8.95,Jaipur,Rajasthan,52.25,35,2020
IR-E-U-0098,Delhi Technological University,63.36,31.12,73.21,53.07,36.91,New Delhi,Delhi,51.99,36,2020
IR-E-U-0476,Shanmugha Arts Science Technology & Research Academy,73.13,33.81,64.89,56.6,10.7,Thanjavur,Tamil Nadu,51.79,37,2020
IR-E-U-0202,Birla Institute of Technology,70.07,34.81,58.75,51.57,30.48,Ranchi,Jharkhand,51.42,38,2020
IR-E-U-0496,Aligarh Muslim University,70.58,45.83,56.57,40.89,10.7,Aligarh,Uttar Pradesh,51.39,39,2020
IR-E-U-0172,National Institute of Technology Kurukshetra,63.85,41.64,61.65,54.75,17.42,Kurukshetra,Haryana,51.19,40,2020
IR-E-U-0473,S. R. M. Institute of Science and Technology,61.27,41.96,63.57,61.06,11.55,Chennai,Tamil Nadu,50.95,41,2020
IR-E-U-0356,Kalinga Institute of Industrial Technology,66.08,25.8,65.8,75.7,17.79,Bhubaneswar,Odisha,50.07,42,2020
IR-E-U-0014,International Institute of Information Technology Hyderabad,53.01,36.66,73.92,52.91,24.77,Hyderabad,Telangana,49.45,43,2020
IR-E-C-16604,Sri Sivasubramaniya Nadar College of Engineering,66.01,31.1,63.81,53.47,20.25,Kancheepuram,Tamil Nadu,49.26,44,2020
IR-E-C-7252,Manipal Institute of Technology,70.32,24.86,54.6,62.23,33.57,Manipal,Karnataka,49.06,45,2020
IR-E-U-0055,National Institute of Technology Silchar,61.63,35.41,62.3,51.68,19.21,Silchar,Assam,48.66,46,2020
IR-E-U-0577,National Institute of Technology Durgapur,54.76,36.98,64.42,50.22,29.68,Durgapur,West Bengal,48.39,47,2020
IR-E-U-0530,Motilal Nehru National Institute of Technology,59.71,30.56,69,50.72,22.89,Allahabad,Uttar Pradesh,48.24,48,2020
IR-E-C-37013,PSG College of Technology,69.35,19.73,52.14,48.69,51.77,Coimbatore,Tamil Nadu,47.21,49,2020
IR-E-C-41593,College of Engineering Pune,61.94,21.89,67.56,51.85,29.4,Pune,Maharashtra,46.79,50,2020
IR-E-U-0474,Sathyabama Institute of Science and Technology,59.06,31.77,64.14,64.2,2.69,Chennai,Tamil Nadu,46.77,51,2020
IR-E-U-0374,Dr. B. R. Ambedkar National Institute of Technology,66.18,25.99,59.76,58.66,9.84,Jalandhar,Punjab,46.45,52,2020
IR-E-U-0395,Indian Institute of Technology Jodhpur,67.71,26.19,56.17,59.29,8.05,Jodhpur,Rajasthan,46.13,53,2020
IR-E-U-0149,Sardar Vallabhbhai National Institute of Technology,57.49,31.2,62.46,55.13,9.84,Surat,Gujarat,45.59,54,2020
IR-E-U-0249,Visvesvaraya Technological University,66.34,30.98,53.14,49.19,6.18,Belgaum,Karnataka,45.37,55,2020
IR-E-U-0105,Indraprastha Institute of Information Technology Delhi,55.18,29.8,67.58,41.15,18.86,New Delhi,Delhi,45.03,56,2020
IR-E-U-0017,Jawaharlal Nehru Technological University,71.72,29.24,40.88,53.9,11.13,Hyderabad,Telangana,44.97,57,2020
IR-E-U-0020,Koneru Lakshmaiah Education Foundation University,70.69,28.57,44.25,54.5,6.18,Vaddeswaram,Andhra Pradesh,44.7,58,2020
IR-E-C-1331,M. S. Ramaiah Institute of Technology,65.53,13.98,62.74,55.31,18.15,Bengaluru,Karnataka,43.74,59,2020
IR-E-U-0458,Kalasalingam Academy of Research and Higher Education,68.66,18.42,54.26,62.06,5.21,Srivilliputtur,Tamil Nadu,43.71,60,2020
IR-E-U-0619,National Institute of Technology Meghalaya,66.27,20.64,54.64,59.35,7.59,Shillong,Meghalaya,43.69,61,2020
IR-E-U-0221,International Institute of Information Technology Bangalore,59.63,17.63,63.93,57.99,17.79,Bengaluru,Karnataka,43.55,62,2020
IR-E-U-0297,Defence Institute of Advanced Technology,64.43,32.96,44.38,47.56,2.69,Pune,Maharashtra,43.13,63,2020
IR-E-C-26794,Thiagarajar College of Engineering,59.67,18.32,59.11,51.54,27.44,Madurai,Tamil Nadu,43.11,64,2020
IR-E-U-0284,Maulana Azad National Institute of Technology,52.55,28.36,64.27,47.33,3.2,Bhopal,Madhya Pradesh,42.17,65,2020
IR-E-U-0795,Indian Institute of Information Technology Guwahati,64.22,6.8,58.52,52.43,36.68,Guwahati,Assam,41.92,66,2020
IR-E-U-0092,National Institute of Technology Raipur,58.88,24.26,56.99,50.7,1.63,Raipur,Chhattisgarh,41.58,67,2020
IR-E-U-0080,Punjab Engineering College (Deemed To Be University),55.66,14.2,64.1,56.64,19.9,Chandigarh,Chandigarh,41.43,68,2020
IR-E-C-24004,College of Engineering(A),65.32,10.04,63.72,54.35,5.69,Visakhapatnam,Andhra Pradesh,41.36,69,2020
IR-E-C-1269,R. V. College of Engineering,63.06,13.29,59.79,48.3,13.2,Bengaluru,Karnataka,41.02,70,2020
IR-E-C-33641,Veermata Jijabai Technological Institute,57.29,11.04,68.16,52.93,11.55,Mumbai,Maharashtra,40.58,71,2020
IR-E-U-0078,Panjab University,40.82,43.55,51.63,40.27,7.59,Chandigarh,Chandigarh,40.44,72,2020
IR-E-C-1262,B.M.S. College of Engineering,62.07,11.92,55.53,52.58,17.79,Bengaluru,Karnataka,40.35,73,2020
IR-E-C-45375,Indian Institute of Food Processing Technology (IIFPT),70.18,5.41,53.5,58.94,9.84,Thanjavur,Tamil Nadu,40.24,74,2020
IR-E-U-0493,National Institute of Technology Agartala,57.69,21.55,48.22,55.37,10.27,Agratala,Tripura,39.98,75,2020
IR-E-C-6379,Netaji Subhas University of Technology (NSUT),49.6,22.68,62.41,44.55,13.6,South West,Delhi,39.97,76,2020
IR-E-U-0620,National Institute of Technology Goa,57.39,18.33,52.11,56.77,11.13,Ponda,Goa,39.93,77,2020
IR-E-U-0201,Shri Mata Vaishno Devi University,69.41,18.63,41.79,48,1.1,Katra,Jammu and Kashmir,39.68,78,2020
IR-E-U-0207,National Institute of Technology Jamshedpur,56.64,12.85,64.87,45.15,11.13,Jamshedpur,Jharkhand,39.44,79,2020
IR-E-U-0460,Karunya Institute of Technology and Sciences,56.5,20.5,50.75,54.83,6.65,Coimbatore,Tamil Nadu,39.4,80,2020
IR-E-U-0286,Indian Institute of Information Technology Design & Manufacturing Jabalpur,45.42,30.89,59.4,43.47,1.63,Jabalpur,Madhya Pradesh,39.29,81,2020
IR-E-C-36926,Kumaraguru College of Technology,63.11,11.35,54.41,45.37,14.79,Coimbatore,Tamil Nadu,39.24,82,2020
IR-E-C-36995,Sri Krishna College of Engineering and Technology,62.69,4.26,63.05,48.54,12.79,Coimbatore,Tamil Nadu,38.83,83,2020
IR-E-U-0747,Chandigarh University,64.38,4.74,51.98,74.73,2.16,Mohali,Punjab,38.82,84,2020
IR-E-C-43708,College of Engineering Trivandrum,59.37,10.39,55.58,49.98,16.31,Thiruvananthapuram,Kerala,38.68,85,2020
IR-E-U-0099,Guru Gobind Singh Indraprastha University,46.4,32.31,49.33,47.61,3.71,New Delhi,Delhi,38.61,86,2020
IR-E-U-0379,Lovely Professional University,58.12,15.2,48.55,65.11,2.16,Phagwara,Punjab,38.44,87,2020
IR-E-C-27616,University College of Engineering,60.88,4.28,65.2,53.66,4.72,Hyderabad,Telangana,38.43,88,2020
IR-E-U-0555,Graphic Era University,58.7,12.89,48,58.38,14,Dehradun,Uttarakhand,38.32,89,2020
IR-E-C-36969,Coimbatore Institute of Technology,64.87,6.88,45.81,48.63,26.86,Coimbatore,Tamil Nadu,38.24,90,2020
IR-E-C-1297,Siddaganga Institute of Technology,60.33,13.44,54.58,50.17,1.63,Tumkur,Karnataka,38.23,91,2020
IR-E-U-0072,National Institute of Technology Patna,52.49,16.6,59.09,43.42,13.2,Patna,Bihar,38.21,92,2020
IR-E-C-30045,C.V. Raman Global University,59.49,5.07,58.7,57.65,10.7,Bhubaneswar,Odisha,37.94,93,2020
IR-E-U-0733,PES University,57.56,12.2,55.31,49.22,10.27,Bengaluru,Karnataka,37.94,93,2020
IR-E-U-0489,Vel Tech Rangarajan Dr. Sagunthala R & D Institute of Science and Technology,57.7,24.09,36.36,59.88,0.55,Chennai,Tamil Nadu,37.86,95,2020
IR-E-U-0522,Jaypee Institute of Information Technology,50.85,19.39,53.38,50.64,9.84,Noida,Uttar Pradesh,37.8,96,2020
IR-E-C-18154,University College of Engineering,58.25,10.41,59.54,50.97,1.63,Kakinada,Andhra Pradesh,37.77,97,2020
IR-E-U-0189,National Institute of Technology Hamirpur,45.32,22.62,60.94,45.84,5.69,Hamirpur,Himachal Pradesh,37.73,98,2020
IR-E-C-35417,Bharati Vidyapeeth Deemed University College of Engineering,54.62,3.35,65.4,66.06,6.18,Pune,Maharashtra,37.71,99,2020
IR-E-U-0267,Atal Bihari Vajpayee Indian Institute of Information Technology and Management,45.99,17.51,62.35,53.2,7.59,Gwalior,Madhya Pradesh,37.6,100,2020
IR-E-C-27058,Mepco Schlenk Engineering College,49.72,18.31,52.51,47.18,18.86,Sivakasi,Tamil Nadu,37.52,101,2020
IR-E-U-0507,Dayalbagh Educational Institute,61.29,7.89,52.51,53.47,8.95,Agra,Uttar Pradesh,37.51,102,2020
IR-E-U-0516,Indian Institute of Information Technology Allahabad,42.8,15.69,68.87,44.19,16.69,Prayagraj (Allahabad),Uttar Pradesh,37.41,103,2020
IR-E-U-0382,Punjab Technical University,68.53,31,13.06,43.6,2.69,Kapurthala,Punjab,37.1,104,2020
IR-E-C-36975,Government College of Technology,53.25,9.94,51.64,53.9,24.15,Coimbatore,Tamil Nadu,37.1,104,2020
IR-E-C-16626,Rajalakshmi Engineering College,62.19,4.51,57.76,51.77,2.69,Chennai,Tamil Nadu,37.01,106,2020
IR-E-U-0454,Hindustan Institute of Technology  and Science (HITS),59.79,11.96,46.62,56.11,5.21,Chennai,Tamil Nadu,36.98,107,2020
IR-E-C-16547,Sri Sairam Engineering College,57.03,6.36,58.74,58.23,3.2,Kancheepuram,Tamil Nadu,36.91,108,2020
IR-E-C-42054,Army Institute of Technology,54.68,2.33,64.18,62.39,6.65,Pune,Maharashtra,36.85,109,2020
IR-E-U-0163,The Northcap University,54.88,13.94,56.91,48.16,0,Gurgaon,Haryana,36.84,110,2020
IR-E-U-0130,Dhirubhai Ambani Institute of Information and Communication Technology,47.25,10.86,68.33,49.81,7.12,Gandhinagar,Gujarat,36.8,111,2020
IR-E-U-0190,Shoolini University of Biotechnology and Management Sciences,53.75,22.22,46.02,47.26,0,Solan,Himachal Pradesh,36.72,112,2020
IR-E-C-18886,Shri Ramdeobaba College of Engineering and Management,60.35,5.29,56.88,51.33,4.22,Nagpur,Maharashtra,36.62,113,2020
IR-E-C-1371,New Horizon College of Engineering,55.94,5.26,63.07,55.65,0.55,Bengaluru,Karnataka,36.6,114,2020
IR-E-U-0186,Jaypee University of Information Technology,48.53,18.76,54.81,46.44,7.59,Solan,Himachal Pradesh,36.55,115,2020
IR-E-U-0143,Maharaja Sayajirao University of Baroda,57.31,13.41,51.16,47.33,3.71,Vadodara,Gujarat,36.54,116,2020
IR-E-U-0223,Jain University,49.08,23.49,46.44,53.2,1.1,Bengluru,Karnataka,36.49,117,2020
IR-E-U-0043,"Vignan's Foundation for Science, Technology & Research",59.21,8.03,49.36,57.2,5.21,Guntur,Andhra Pradesh,36.28,118,2020
IR-E-U-0367,Veer Surendra Sai University of Technology,51.53,19.97,47.54,46.54,5.21,Burla,Odisha,36.13,119,2020
IR-E-U-0175,YMCA University of Science and Technology,60.17,6.39,55.19,47.37,1.63,Faridabad,Haryana,35.91,120,2020
IR-E-S-8898,"National Institute of Food Technology, Enterprenurship & Management",53.96,3.72,59.1,64.06,1.1,Sonipat,Haryana,35.65,121,2020
IR-E-C-6581,Puducherry Engineering College,55.46,15.73,43.96,40.61,12.79,Puducherry,Puducherry,35.49,122,2020
IR-E-U-0445,B. S. Abdur Rahman Crescent Institute of Science and Technology,62.25,8.72,45.67,45.18,4.72,Chennai,Tamil Nadu,35.41,123,2020
IR-E-C-25622,Chaitanya Bharathi Institute of Technology,57.82,2.01,57.52,50.22,8.5,Hyderabad,Telangana,35.32,124,2020
IR-E-C-33773,Bharatiya Vidya Bhavan`s Sardar Patel Institute of Technology,53.58,7.74,59.93,46.69,2.16,Mumbai,Maharashtra,35.27,125,2020
IR-E-C-1413,Dayananda Sagar College of Engineering,51.56,6.69,57.99,54.63,5.69,Bengaluru,Karnataka,35.11,126,2020
IR-E-C-19667,Vallurupalli Nageswara Rao Vignana Jyothi Institute of Engineering and Technology,62.78,6.38,44.97,50.33,2.16,Hyderabad,Telangana,34.99,127,2020
IR-E-C-1352,Nitte Meenakshi Institute of Technology,58.44,6.1,49.4,53.09,4.22,Bengaluru,Karnataka,34.97,128,2020
IR-E-U-0774,DIT University,58.78,7.54,43.77,59.09,3.71,Dehradun,Uttarakhand,34.93,129,2020
IR-E-U-0621,National Institute of Technology Puducherry,54.57,3.41,54.45,58.82,7.12,Karaikal,Puducherry,34.87,130,2020
IR-E-U-0146,Nirma University,53.9,10.82,50.6,46.14,7.12,Ahmedabad,Gujarat,34.85,131,2020
IR-E-C-1412,JSS Science and Technology University,55.76,3.86,54.88,51.44,8.05,Mysuru,Karnataka,34.81,132,2020
IR-E-C-1400,N M A M Institute of Technology,58.73,5.43,50.17,48.85,5.69,"Nitte, Udupi",Karnataka,34.73,133,2020
IR-E-U-0535,Rajiv Gandhi Institute of Petroleum Technology,56.16,7.55,56.28,42.16,0,Amethi,Uttar Pradesh,34.59,134,2020
IR-E-C-37065,Kongu Engineering College,58.13,5.76,46.86,44.25,14.79,Perundurai,Tamil Nadu,34.45,135,2020
IR-E-U-0854,KLE Technological University,56.85,8.11,48.85,49.29,1.63,Dharwad,Karnataka,34.34,136,2020
IR-E-U-0384,Sant Longowal Institute of Engineering & Technology,59.28,17.63,27.04,55.09,2.69,Longowal,Punjab,34.27,137,2020
IR-E-U-0938,Dr. Vishwanath Karad MIT World Peace University,60.56,4.32,47.57,48.17,3.71,Pune,Maharashtra,34.17,138,2020
IR-E-C-18817,G. H. Raisoni College of Engineering,46.65,9.68,61,49.25,0.55,Nagpur,Maharashtra,34.07,139,2020
IR-E-C-18254,Yeshwantrao Chavan College of Engineering,51.75,8.58,53.65,52.42,0,Nagpur,Maharashtra,34.07,139,2020
IR-E-C-19607,CVR College Of Engineering,57.68,1.21,54.84,51.32,1.1,Ibrahimpatan,Telangana,33.87,141,2020
IR-E-C-37089,Sri Ramakrishna Engineering College,54.46,5.15,53.3,46.28,6.18,Coimbatore,Tamil Nadu,33.79,142,2020
IR-E-C-19650,Vardhaman College of Engineering,57.23,4.18,52.41,48.49,0,Rangareddy,Telangana,33.75,143,2020
IR-E-U-0332,The Rashtrasant Tukadoji Maharaj Nagpur University,41.84,24.72,48.59,39.99,0,Nagpur,Maharashtra,33.68,144,2020
IR-E-U-0046,North Eastern Regional Institute of Science & Technology,64.04,9.76,33.3,43.05,5.69,Itanagar,Arunachal Pradesh,33.67,145,2020
IR-E-U-0685,Indira Gandhi Delhi Technical University for Women,42.33,8.13,63.06,53.96,5.21,Delhi,Delhi,33.67,145,2020
IR-E-C-1345,P E S College of Engineering,59.25,0.71,51.11,54.45,0,Mandya,Karnataka,33.65,147,2020
IR-E-C-43264,National Institute of Foundry and Forge Technology (NIFFT),54.46,2.27,58.68,41.41,6.65,Ranchi,Jharkhand,33.57,148,2020
IR-E-I-1441,Saveetha Institute of Medical and Technical Sciences,49.09,12.43,41.93,66.36,0.55,Chennai,Tamil Nadu,33.55,149,2020
IR-E-C-37028,Sona College of Technology,53.05,6.12,52.87,46.82,5.21,Salem,Tamil Nadu,33.53,150,2020
IR-E-N-10,SVKM`s Narsee Monjee Institute of Management Studies,56.06,5.17,48.62,51.89,2.16,Mumbai,Maharashtra,33.5,151,2020
IR-E-C-37064,Sri Krishna College of Technology,51.06,4.37,58.86,46.6,3.71,Coimbatore,Tamil Nadu,33.43,152,2020
IR-E-U-0037,Sri Venkateswara University,42.43,27.73,38,42.67,3.71,Tirupati,Andhra Pradesh,33.29,153,2020
IR-E-C-6202,Heritage Institute of Technology,52.26,4.9,50.4,54.15,6.18,Kolkata,West Bengal,33.27,154,2020
IR-E-C-16614,R. M. K. Engineering College,54.27,2.25,54.24,53.21,1.1,Thiruvallur,Tamil Nadu,33.24,155,2020
IR-E-C-18010,Velagapudi Ramakrishna Siddhartha Engineering College,55.02,5.36,47.11,53.23,2.69,Vijayawada,Andhra Pradesh,33.13,156,2020
IR-E-U-0592,Maulana Abul Kalam Azad University of Technology,41.49,16.75,52.96,47.42,2.69,Nadia,West Bengal,33.07,157,2020
IR-E-U-0613,National Institute of Technology Manipur,54.89,8.29,42.86,53.25,1.63,Imphal,Manipur,33.02,158,2020
IR-E-U-0213,Alliance University,47.89,1.88,63.26,53.12,1.1,Bengaluru,Karnataka,33,159,2020
IR-E-C-16537,St. Josephs College of Engineering,53.65,6.81,52.88,42.44,0,Kancheepuram,Tamil Nadu,32.95,160,2020
IR-E-C-19754,SR Engineering College,62.29,1.91,31.2,62.13,12.38,Warangal,Telangana,32.95,160,2020
IR-E-U-0604,Amity University Gwalior,56.79,1.4,54.03,46.1,0,Gwalior,Madhya Pradesh,32.88,162,2020
IR-E-C-6238,Haldia Institute of Technology,49.15,6.8,50.2,55.8,4.22,Haldia,West Bengal,32.83,163,2020
IR-E-C-8277,Government Engineering College,57.13,2.86,49.94,45.99,2.16,Thrissur,Kerala,32.81,164,2020
IR-E-I-1015,Vishwakarma Institute of Technology,47.21,6.45,59.26,44.53,3.2,Pune,Maharashtra,32.72,165,2020
IR-E-U-0864,Harcourt Butler Technical University,59.15,2.31,46.82,42.34,6.65,Kanpur Nagar,Uttar Pradesh,32.69,166,2020
IR-E-U-0564,University of Petroleum and Energy Studies,48.86,14.26,39.13,53.15,4.22,Dehradun,Uttarakhand,32.51,167,2020
IR-E-C-11015,Walchand College of Engineering,50.11,4.15,54.99,47.43,3.71,Sangli,Maharashtra,32.39,168,2020
IR-E-C-1336,BMS Institute of Technology & Management,48.02,4.04,51.43,53.36,11.13,Bengaluru,Karnataka,32.36,169,2020
IR-E-C-19706,Institute of Aeronautical Engineering,50.61,7.28,45.04,54.16,4.72,Hyderabad,Telangana,32.26,170,2020
IR-E-C-33584,K. J. Somaiya College of Engineering,51.95,2.84,59.03,39.37,0.55,Mumbai,Maharashtra,32.25,171,2020
IR-E-C-19534,Goka Raju Ranga Raju Institute of Engineering & Technology,53.11,2.72,52.44,48.87,1.1,Hyderabad,Telangana,32.24,172,2020
IR-E-C-42242,Maharshi Karve Stree Shikshan Samstha's Cummins College of Engineering for Women,50.8,2.95,52.51,53.89,2.16,Pune,Maharashtra,32.23,173,2020
IR-E-U-0169,ManavRachna International Institute of Research & Studies,51.95,4.1,51.73,49.28,1.1,Faridabad,Haryana,32.21,174,2020
IR-E-C-1438,The National Institute of Engineering,51.97,2.65,51.05,50.57,5.21,Mysuru,Karnataka,32.17,175,2020
IR-E-C-16572,Sri Venkateswara College of Engineering,56.18,4.91,48.74,38.31,2.16,Kancheepuram,Tamil Nadu,32.12,176,2020
IR-E-U-0147,Pandit Deendayal Petroleum University,49.08,11.97,50.34,33.8,3.2,Gandhinagar,Gujarat,32.08,177,2020
IR-E-C-9462,"School of Engineering, Cochin University of Science and Technology",50.08,14.19,38.55,44.77,5.69,Cochin,Kerala,32.04,178,2020
IR-E-C-30153,"Silicon Institute of Technology (SIT), Bhubaneswar",52.9,2.66,47.2,56.2,2.69,Bhubaneswar,Odisha,32,179,2020
IR-E-C-19747,Anurag Group of Institutions,56.55,1.44,43.97,54.98,0.55,Hyderabad,Telangana,31.74,180,2020
IR-E-U-0373,Chitkara University,48.34,7.56,47.86,53.83,0,Rajpura,Punjab,31.72,181,2020
IR-E-U-0455,"Indian Institute of Information Technology, Design & Manufacturing",35.51,7.8,57.62,53.05,18.15,Chennai,Tamil Nadu,31.63,182,2020
IR-E-U-0739,Madan Mohan Malaviya University of Technology,47.49,15.84,44.1,35.1,2.69,Gorakhpur,Uttar Pradesh,31.6,183,2020
IR-E-C-26929,Sree Vidyanikethan Engineering College,54.06,1.24,50.93,47.58,0,A.Rangampet,Andhra Pradesh,31.54,184,2020
IR-E-C-26928,JNTUA College of Engineering,55.12,3.96,48.19,36.84,4.72,Anantapur,Andhra Pradesh,31.52,185,2020
IR-E-C-1398,BNM Institute of Technology,55.66,1.11,46.87,50.8,0,Bengaluru,Karnataka,31.48,186,2020
IR-E-C-26162,Vasavi College of Engineering,48.8,0.75,56.58,50.47,2.16,Hyderabad,Telangana,31.46,187,2020
IR-E-C-17913,Gayatri Vidya Parishad College of Engineering,54.28,1.69,45.48,48.12,6.65,Visakhapatnam,Andhra Pradesh,31.38,188,2020
IR-E-C-27089,National Engineering College,53.98,5.99,42.9,46.85,1.1,Kovilpatti,Tamil Nadu,31.36,189,2020
IR-E-C-26905,G.Pulla Reddy Engineering College,53.11,1.15,48.27,51.6,2.69,Kurnool,Andhra Pradesh,31.35,190,2020
IR-E-C-6192,Institute of Engineering & Management,43.74,7.8,51.73,52.96,2.16,Kolkata,West Bengal,31.33,191,2020
IR-E-C-16476,Sri Sai Ram Institute of Technology,48.89,2.8,54.08,47.67,2.16,Chennai,Tamil Nadu,31.32,192,2020
IR-E-U-0129,Dharmsinh Desai University,49.4,2.29,59.12,36.87,2.69,Nadiad,Gujarat,31.29,193,2020
IR-E-U-0405,The LNM Institute of Information Technology,41.95,12.14,53.25,43.08,0.55,Jaipur,Rajasthan,31.24,194,2020
IR-E-U-0162,Guru Jambheshwar University of Science and Technology,41.05,13.82,51.92,40.13,3.71,Hisar,Haryana,31.23,195,2020
IR-E-C-42227,Dr. D. Y. Patil Institute of Technology,49.69,1.66,53.63,48.5,1.63,Pune,Maharashtra,31.15,196,2020
IR-E-C-49660,Pimpri Chinchwad College of Engineering,46.11,7.36,50.73,48.76,0.55,Pune,Maharashtra,31.13,197,2020
IR-E-C-34167,Ramrao Adik Institute of Technology,53.6,3.82,45.75,47.25,0,Mumbai,Maharashtra,31.11,198,2020
IR-E-C-48145,BVRIT Hyderabad,49.16,0.46,53.74,52.98,1.63,Hyderabad,Telangana,31.1,199,2020
IR-E-U-0615,National Institute of Technology Arunachal Pradesh,50.56,9.06,39.36,46.21,7.12,Itanagar,Arunachal Pradesh,31.09,200,2020
IR-E-U-0456,Indian Institute of Technology Madras,95.47,96.43,81.92,62.44,100,Chennai,Tamil Nadu,90.19,1,2021
IR-E-I-1074,Indian Institute of Technology Delhi,91.76,95.82,80.97,66.39,98.63,New Delhi,Delhi,88.96,2,2021
IR-E-U-0306,Indian Institute of Technology Bombay,89.32,92.56,79.71,53.68,92.88,Mumbai,Maharashtra,85.16,3,2021
IR-E-I-1075,Indian Institute of Technology Kanpur,86.71,83.13,89.79,55.96,87.05,Kanpur,Uttar Pradesh,83.22,4,2021
IR-E-U-0573,Indian Institute of Technology Kharagpur,80.51,88.59,83.01,58.46,88.5,Kharagpur,West Bengal,82.03,5,2021
IR-E-U-0560,Indian Institute of Technology Roorkee,79.28,78.13,90.74,63.36,63.59,Roorkee,Uttarakhand,78.08,6,2021
IR-E-U-0053,Indian Institute of Technology Guwahati,79.25,70.32,84.63,59.83,60.58,Guwahati,Assam,73.84,7,2021
IR-E-U-0013,Indian Institute of Technology Hyderabad,82.6,56.9,72.54,56.58,66.7,Hyderabad,Telangana,68.69,8,2021
IR-E-U-0467,National Institute of Technology Tiruchirappalli,70,54.63,78.13,61.35,69.32,Tiruchirappalli,Tamil Nadu,66.08,9,2021
IR-E-U-0237,National Institute of Technology Karnataka,73.15,50.17,78.62,64.54,50.18,Surathkal,Karnataka,64.19,10,2021
IR-E-U-0205,Indian Institute of Technology (Indian School of Mines),69.29,65.53,73.12,54.62,35.36,Dhanbad,Jharkhand,64.07,11,2021
IR-E-U-0490,Vellore Institute of Technology,61.41,69.7,67.01,59.84,49.73,Vellore,Tamil Nadu,63.68,12,2021
IR-E-U-0273,Indian Institute of Technology Indore,76.22,55.89,71.57,55.76,30.29,Indore,Madhya Pradesh,62.56,13,2021
IR-E-U-0701,Indian Institute of Technology (Banaras Hindu University) Varanasi,67.4,51.62,79.07,55.8,49.96,Varanasi,Uttar Pradesh,62.1,14,2021
IR-E-U-0308,Institute of Chemical Technology,75.45,54.62,72.56,45.67,21.98,Mumbai,Maharashtra,60.31,15,2021
IR-E-U-0436,Amrita Vishwa Vidyapeetham,69.63,59.01,59.56,56.68,35.04,Coimbatore,Tamil Nadu,59.67,16,2021
IR-E-U-0575,Jadavpur University,54.82,60.61,76.88,43,48.82,Kolkata,West Bengal,59.19,17,2021
IR-E-U-0439,Anna University,66.29,50.06,58.6,50.87,65.95,Chennai,Tamil Nadu,58.31,18,2021
IR-E-U-0378,Indian Institute of Technology Ropar,81.35,34.08,69.1,62.78,33.74,Rupnagar,Punjab,58.09,19,2021
IR-E-U-0357,National Institute of Technology Rourkela,62.21,56.58,72.53,50.72,28.08,Rourkela,Odisha,58.02,20,2021
IR-E-U-0064,Indian Institute of Technology Patna,76.49,44.92,63.77,53.22,28.83,Patna,Bihar,57.38,21,2021
IR-E-U-0139,Indian Institute of Technology Gandhinagar,82.1,35.05,57.31,62.64,39.87,Gandhinagar,Gujarat,56.86,22,2021
IR-E-U-0025,National Institute of Technology Warangal,67.88,39.6,74.47,55.52,40.72,Warangal,Telangana,56.76,23,2021
IR-E-I-1480,Thapar Institute of Engineering and Technology,64.89,51.54,68.52,56.05,25.35,Patiala,Punjab,56.76,23,2021
IR-E-U-0263,National Institute of Technology Calicut,68,34.63,77.94,63.52,37.53,Kozhikode,Kerala,56.48,25,2021
IR-E-U-0391,Birla Institute of Technology & Science -Pilani,62.96,39.96,79.57,55.73,39.87,Pilani,Rajasthan,56.35,26,2021
IR-E-U-0584,Indian Institute of Engineering Science and Technology,66.13,47.54,64.47,49.7,42.36,Shibpur,West Bengal,56.2,27,2021
IR-E-U-0355,Indian Institute of Technology Bhubaneswar,75.09,37.81,66.44,55.62,29.93,Bhubaneswar,Odisha,55.71,28,2021
IR-E-U-0577,National Institute of Technology Durgapur,69.23,42.64,68.37,56.43,26.15,Durgapur,West Bengal,55.48,29,2021
IR-E-U-0334,Visvesvaraya National Institute of Technology,66.19,46.05,70.66,53.53,17.84,Nagpur,Maharashtra,54.94,30,2021
IR-E-U-0497,Amity University,68.46,57.24,52.38,56.94,9.87,Gautam Budh Nagar,Uttar Pradesh,54.87,31,2021
IR-E-U-0363,Siksha `O` Anusandhan,75.76,34.28,70.16,65.14,12.15,Bhubaneswar,Odisha,54.77,32,2021
IR-E-U-0108,Jamia Millia Islamia,60.27,50,72.96,54.71,13.24,New Delhi,Delhi,54.46,33,2021
IR-E-U-0473,S.R.M. Institute of Science and Technology,60.31,50.91,67.01,60.9,13.24,Chennai,Tamil Nadu,54.17,34,2021
IR-E-U-0496,Aligarh Muslim University,71.79,50.09,56.66,40.38,20.65,Aligarh,Uttar Pradesh,54,35,2021
IR-E-U-0098,Delhi Technological University,66.23,31.79,73.63,58.61,39.59,New Delhi,Delhi,53.96,36,2021
IR-E-U-0410,Malaviya National Institute of Technology,70.69,43.21,62.04,57.79,15.86,Jaipur,Rajasthan,53.95,37,2021
IR-E-U-0476,Shanmugha Arts Science Technology & Research Academy,71.47,37.62,67.55,57.06,12.7,Thanjavur,Tamil Nadu,53.22,38,2021
IR-E-U-0356,Kalinga Institute of Industrial Technology,69.99,29.98,70.72,76.68,13.24,Bhubaneswar,Odisha,53.12,39,2021
IR-E-U-0255,Indian Institute of Space Science and Technology,77.49,23.18,61.09,65.27,39.01,Thiruvananthapuram,Kerala,52.85,40,2021
IR-E-U-0184,Indian Institute of Technology Mandi,65.95,35.39,69.05,61.66,21.98,Mandi,Himachal Pradesh,52.58,41,2021
IR-E-U-0530,Motilal Nehru National Institute of Technology,64.23,34.07,73.63,54.84,21.98,Prayagraj,Uttar Pradesh,51.9,42,2021
IR-E-U-0395,Indian Institute of Technology Jodhpur,76.38,28.07,62.59,63.34,13.78,Jodhpur,Rajasthan,51.56,43,2021
IR-E-U-0172,National Institute of Technology Kurukshetra,62.2,40.64,62.01,53.66,19.73,Kurukshetra,Haryana,50.59,44,2021
IR-E-C-16604,Sri Sivasubramaniya Nadar College of Engineering,66.95,34.56,61.71,53.48,20.65,Kancheepuram,Tamil Nadu,50.2,45,2021
IR-E-U-0202,Birla Institute of Technology,68.2,34.19,58.24,50.41,26.54,Ranchi,Jharkhand,50.06,46,2021
IR-E-U-0149,Sardar Vallabhbhai National Institute of Technology,64.14,34.39,65.08,56.74,17.35,Surat,Gujarat,49.99,47,2021
IR-E-U-0055,National Institute of Technology Silchar,63.11,40.36,61.95,52.73,8.68,Silchar,Assam,49.57,48,2021
IR-E-U-0374,Dr. B. R. Ambedkar National Institute of Technology,67.97,27.72,60.78,63.12,18.32,Jalandhar,Punjab,49.01,49,2021
IR-E-U-0020,Koneru Lakshmaiah Education Foundation University (K L College of Engineering),71.09,38.38,48.62,55.06,4.23,Vaddeswaram,Andhra Pradesh,48.49,50,2021
IR-E-C-7252,Manipal Institute of Technology,70.14,28.99,50.15,62.03,21.98,Manipal,Karnataka,48.17,51,2021
IR-E-C-41593,"College of Engineering, Pune",64.83,22.39,67.83,54.17,29.57,Pune,Maharashtra,48.12,52,2021
IR-E-C-37013,PSG College of Technology,68.57,23.58,48.35,48.89,57.14,Coimbatore,Tamil Nadu,47.91,53,2021
IR-E-U-0014,International Institute of Information Technology Hyderabad,50.76,33.07,71.08,51.44,26.15,Hyderabad,Telangana,47.12,54,2021
IR-E-U-0474,Sathyabama Institute of Science and Technology,59.83,41.05,45.39,63.17,9.87,Chennai,Tamil Nadu,46.65,55,2021
IR-E-U-0458,Kalasalingam Academy of Research and Higher Education,64.24,24.41,60.42,65.23,13.78,Srivilliputtur,Tamil Nadu,46.57,56,2021
IR-E-U-0249,Visvesvaraya Technological University,70.27,31.03,47.84,49.93,6.83,Belgaum,Karnataka,45.63,57,2021
IR-E-U-0297,Defence Institute of Advanced Technology,67.03,33.73,52.16,45.71,2.87,Pune,Maharashtra,45.52,58,2021
IR-E-U-0619,National Institute of Technology Meghalaya,67.63,24.12,55.3,64.22,3.56,Shillong,Meghalaya,45.37,59,2021
IR-E-U-0284,Maulana Azad National Institute of Technology,55.71,28.88,63.97,58.59,9.87,Bhopal,Madhya Pradesh,45.02,60,2021
IR-E-U-0747,Chandigarh University,68.9,17.05,46.81,76.33,22.42,Mohali,Punjab,45.01,61,2021
IR-E-U-0017,Jawaharlal Nehru Technological University,72.29,27.99,41.03,53.8,12.7,Hyderabad,Telangana,44.95,62,2021
IR-E-U-0105,"Indraprastha Institute of Information Technology, Delhi",54.79,31.79,68.04,39.39,13.24,New Delhi,Delhi,44.85,63,2021
IR-E-U-0092,National Institute of Technology Raipur,60.57,28.98,59.26,58.32,2.87,Raipur,Chhattisgarh,44.83,64,2021
IR-E-C-1331,M. S. Ramaiah Institute of Technology,66.25,16.84,60.05,53.7,14.31,Bengaluru,Karnataka,43.74,65,2021
IR-E-U-0379,Lovely Professional University,62.69,25.97,45.82,64.46,14.83,Phagwara,Punjab,43.69,66,2021
IR-E-U-0389,Banasthali Vidyapith,59.29,14.29,67.27,74.92,6.19,Banasthali,Rajasthan,43.64,67,2021
IR-E-U-0147,Pandit Deendayal Petroleum University,70.06,23.25,53.33,42.09,2.87,Gandhinagar,Gujarat,43.17,68,2021
IR-E-U-0197,National Institute of Technology Srinagar,65.87,14.29,57.85,63.89,6.19,Srinagar,Jammu and Kashmir,42.63,69,2021
IR-E-U-0080,"Punjab Engineering College (Deemed to be University), Chandigarh",55.98,15.24,65.57,55.41,26.15,Chandigarh,Chandigarh,42.62,70,2021
IR-E-C-26794,Thiagarajar College of Engineering,56.11,18.65,60.91,50.99,28.83,Madurai,Tamil Nadu,42.58,71,2021
IR-E-U-0072,National Institute of Technology Patna,54.45,24.3,61.87,50.77,9.87,Patna,Bihar,42.06,72,2021
IR-E-U-0795,Indian Institute of Information Technology Guwahati,64.87,9.13,56.91,53.01,31.01,Guwahati,Assam,41.98,73,2021
IR-E-C-24004,College of Engineering (A),64.45,9.77,69.23,53.92,4.23,Visakhapatnam,Andhra Pradesh,41.92,74,2021
IR-E-U-0555,Graphic Era University,64.78,13.64,49.07,60.45,24.53,Dehradun,Uttarakhand,41.83,75,2021
IR-E-U-0221,International Institute of Information Technology Bangalore,58.9,10.89,63.64,60.93,18.8,Bengaluru,Karnataka,41.64,76,2021
IR-E-C-1269,R.V. College of Engineering,63.87,14.45,57.01,50.3,15.86,Bengaluru,Karnataka,41.52,77,2021
IR-E-C-36995,Sri Krishna College of Engineering and Technology,62.23,10.86,63.26,49.71,17.35,Coimbatore,Tamil Nadu,41.29,78,2021
IR-E-U-0201,Shri Mata Vaishno Devi University,69.07,20.55,47.85,45.49,2.17,Katra,Jammu and Kashmir,41.22,79,2021
IR-E-U-0286,"Pandit Dwarka Prasad Mishra Indian Institute of Information Technology, Design and Manufacturing (IIITDM) Jabalpur",46.17,29.61,61.76,54.06,6.83,Jabalpur,Madhya Pradesh,41.17,80,2021
IR-E-C-45375,Indian Institute of Food Processing Technology (IIFPT),71.85,7.98,52.14,57.56,9.87,Thanjavur,Tamil Nadu,41.13,81,2021
IR-E-C-33641,"Veermata Jijabai Technological Institute,  (VJTI, Mumbai)",60.34,11.62,66.02,53.6,9.28,Mumbai,Maharashtra,41.07,82,2021
IR-E-U-0733,PES University,62.28,13.35,60.53,49.36,13.24,Bengaluru,Karnataka,41.06,83,2021
IR-E-U-0749,Manipal University Jaipur,65.35,16.65,50.79,58.72,0,Jaipur,Rajasthan,40.63,84,2021
IR-E-U-0620,National Institute of Technology Goa,56.69,21.42,53.53,57.08,7.45,Ponda,Goa,40.6,85,2021
IR-E-U-0207,"National Institute of Technology, Jamshedpur",56.45,15.62,67.65,45.74,8.07,Jamshedpur,Jharkhand,40.53,86,2021
IR-E-U-0516,Indian Institute of Information Technology Allahabad,46.57,15.7,72.28,51.74,19.73,Prayagraj (Allahabad),Uttar Pradesh,40.28,87,2021
IR-E-C-6379,Netaji Subhas University of Technology (NSUT),47.14,22.25,65.82,44.23,18.32,South West,Delhi,40.22,88,2021
IR-E-U-0078,Panjab University,39.71,42.62,48.4,43.12,14.83,Chandigarh,Chandigarh,40.16,89,2021
IR-E-C-36926,Kumaraguru College of Technology,61.76,15.76,52.48,45.71,15.86,Coimbatore,Tamil Nadu,39.92,90,2021
IR-E-U-0564,University of Petroleum and Energy Studies,57.92,20.29,51.01,57.05,4.9,Dehradun,Uttarakhand,39.87,91,2021
IR-E-U-0493,National Institute of Technology Agartala,56.96,21.82,48.87,57.71,6.83,Agratala,Tripura,39.86,92,2021
IR-E-U-0489,Vel Tech Rangarajan Dr. Sagunthala R & D Institute of Science and Technology,55.8,28.48,38.53,63.61,4.9,Chennai,Tamil Nadu,39.84,93,2021
IR-E-U-0522,Jaypee Institute of Information Technology,53.07,23.11,56.79,49.3,6.83,Noida,Uttar Pradesh,39.82,94,2021
IR-E-C-43708,College of Engineering Trivandrum,63.85,10.25,53.4,50.16,14.83,Thiruvananthapuram,Kerala,39.4,95,2021
IR-E-C-35417,Bharati Vidyapeeth Deemed University College of Engineering,60.35,3.01,62.73,71.58,6.83,Pune,Maharashtra,39.39,96,2021
IR-E-U-0163,The Northcap University,60.36,12.71,56.83,51.32,8.07,Gurugram,Haryana,39.23,97,2021
IR-E-C-1262,B.M.S. College of Engineering,59.62,12.33,54.1,51.93,15.35,Bengaluru,Karnataka,39.13,98,2021
IR-E-U-0189,National Institute of Technology Hamirpur,50.19,21.92,58.2,46.54,11.59,Hamirpur,Himachal Pradesh,39.09,99,2021
IR-E-C-30045,"C.V. Raman Global University, Odisha",62.09,5.58,58.89,57.55,11.02,Bhubaneswar,Odisha,38.94,100,2021
IR-E-C-1297,Siddaganga Institute of Technology,59.38,15.43,54.24,49.56,5.55,Tumkur,Karnataka,38.81,101,2021
IR-E-C-36969,Coimbatore Institute of Technology,63.99,8.47,43.38,50.51,32.73,Coimbatore,Tamil Nadu,38.74,102,2021
IR-E-U-0190,Shoolini University of Biotechnology and Management Sciences,55.99,22.73,47.47,54.74,0,Solan,Himachal Pradesh,38.58,103,2021
IR-E-U-0056,Tezpur University,49.58,34.26,41.5,41.9,7.45,Tezpur,Assam,38.39,104,2021
IR-E-U-0460,Karunya Institute of Technology and Sciences,52.14,26.57,43.78,51.97,8.07,Coimbatore,Tamil Nadu,38.38,105,2021
IR-E-U-0267,Atal Bihari Vajpayee Indian Institute of Information Technology and Management,46.9,17.04,66.48,53.57,4.9,Gwalior,Madhya Pradesh,38.33,106,2021
IR-E-U-0130,Dhirubhai Ambani Institute of Information and Communication Technology,50.12,11.09,71.67,48.81,6.19,Gandhinagar,Gujarat,38.2,107,2021
IR-E-U-0099,Guru Gobind Singh Indraprastha University,41.3,32.95,47.68,44.66,16.36,New Delhi,Delhi,37.93,108,2021
IR-E-C-16547,Sri Sairam Engineering College,55.56,11.27,58.93,57.83,2.17,Kancheepuram,Tamil Nadu,37.84,109,2021
IR-E-C-16626,Rajalakshmi Engineering College,64.13,4.96,56.15,53.93,3.56,Chennai,Tamil Nadu,37.71,110,2021
IR-E-U-0043,"Vignan's Foundation for Science, Technology and Research",57.75,15.85,49.23,56.26,1.46,Guntur,Andhra Pradesh,37.7,111,2021
IR-E-U-0445,B. S. Abdur Rahman Crescent Institute of Science and Technology,60.38,16.43,47.28,44.6,6.19,Chennai,Tamil Nadu,37.58,112,2021
IR-E-U-0373,Chitkara University,53.58,13.38,52.56,58.11,11.02,Rajpura,Punjab,37.5,113,2021
IR-E-U-0613,National Institute of Technology Manipur,61.1,14.77,42.18,58.89,3.56,Imphal,Manipur,37.45,114,2021
IR-E-C-43264,National Institute of Foundry and Forge Technology (NIFFT),67.07,4.72,53.71,45.16,5.55,Ranchi,Jharkhand,37.35,115,2021
IR-E-U-0367,Veer Surendra Sai University of Technology,53.46,22.16,46.3,47.1,6.83,Burla,Odisha,37.34,116,2021
IR-E-U-0143,Maharaja Sayajirao University of Baroda,56.48,14.79,52.46,50.11,4.23,Vadodara,Gujarat,37.3,117,2021
IR-E-U-0169,Manav Rachna International Institute of Research & Studies,57.82,6.21,58.38,52.21,11.59,Faridabad,Haryana,37.26,118,2021
IR-E-C-18886,Shri Ramdeobaba College of Engineering and Management,59.71,7.98,57.72,50.85,2.87,Nagpur,Maharashtra,37.22,119,2021
IR-E-U-0382,Punjab Technical University,63.62,32.28,16.04,46.24,5.55,Kapurthala,Punjab,37.15,120,2021
IR-E-I-1441,Saveetha Institute of Medical and Technical Sciences,55.8,19.82,39.47,65.05,0,Chennai,Tamil Nadu,37.09,121,2021
IR-E-I-1015,Vishwakarma Institute of Technology,56.71,5.43,63.65,48.32,6.19,Pune,Maharashtra,36.82,122,2021
IR-E-C-18154,University College of Engingeering,59.48,4.18,57.92,56.26,4.23,Kakinada,Andhra Pradesh,36.72,123,2021
IR-E-C-27058,Mepco Schlenk Engineering College,49.66,19.34,47.9,46.51,17.35,Sivakasi,Tamil Nadu,36.67,124,2021
IR-E-U-0491,"Vels Institute of Science, Technology & Advanced Studies (VISTAS)",57.36,21.44,42.16,41.95,3.56,Chennai,Tamil Nadu,36.63,125,2021
IR-E-U-0507,Dayalbagh Educational Institute,61.61,7.63,49.47,53.44,6.19,Agra,Uttar Pradesh,36.62,126,2021
IR-E-U-0175,YMCA University of Science & Tech (Formerely YMCA Institute of Engineering),59.79,6.05,55.73,50.04,6.83,Faridabad,Haryana,36.59,127,2021
IR-E-C-36975,Government College of Technology,51.56,9.16,55.01,49.5,23.7,Coimbatore,Tamil Nadu,36.54,128,2021
IR-E-U-0186,Jaypee University of Information Technology,47.14,21.27,55.23,46.01,3.56,Solan,Himachal Pradesh,36.53,129,2021
IR-E-C-18817,G. H. Raisoni College of Engineering,52.49,8.85,60.93,48.69,9.87,Nagpur,Maharashtra,36.46,130,2021
IR-E-C-50605,PSG Institute of Technology and Applied Research,60.8,2.1,55.86,49.86,13.78,Coimbatore,Tamil Nadu,36.41,131,2021
IR-E-C-27616,University College of Engineering,59.95,6.78,52.91,50.28,7.45,Hyderabad,Telangana,36.37,132,2021
IR-E-C-25622,Chaitanya Bharathi Institute of Technology,60.36,2.21,56.74,51.57,10.45,Hyderabad,Telangana,36.32,133,2021
IR-E-C-19754,SR University,62.51,6.49,41.74,62.54,8.07,Warangal,Telangana,36.11,134,2021
IR-E-C-19667,Vallurupalli Nageswara Rao Vignana Jyothi Institute of Engineering and Technology,61.89,6.83,50.96,47.63,4.9,Hyderabad,Telangana,36.06,135,2021
IR-E-U-0332,The Rashtrasant Tukadoji Maharaj Nagpur University,49.65,23.08,48.98,42.64,0.74,Nagpur,Maharashtra,35.95,136,2021
IR-E-C-37064,Sri Krishna College of Technology,54.45,8.12,60.34,47.44,3.56,Coimbatore,Tamil Nadu,35.94,137,2021
IR-E-C-1400,NMAM Institute of Technology,59.12,9.14,50.79,48.71,4.23,"Nitte, Udupi",Karnataka,35.93,138,2021
IR-E-C-1345,P E S College of Engineering,60.69,1.04,56.57,60.6,0,Mandya,Karnataka,35.89,139,2021
IR-E-C-42054,Army Institute of Technology,53.37,1.08,64.93,58.2,7.45,Pune,Maharashtra,35.89,139,2021
IR-E-C-1371,New Horizon College of Engineering,51.75,5.91,64.47,53.23,3.56,Bengaluru,Karnataka,35.87,141,2021
IR-E-C-19650,Vardhaman College of Engineering,53.07,8,55.81,48.64,15.35,Rangareddy,Telangana,35.87,141,2021
IR-E-C-33773,Bharatiya Vidya Bhavan`s Sardar Patel Institute of Technology,48.87,11.24,63.74,46.71,2.17,Mumbai,Maharashtra,35.67,143,2021
IR-E-C-6581,Puducherry Engineering College,50.19,14.63,56.41,34.53,14.83,Puducherry,Puducherry,35.66,144,2021
IR-E-U-0621,National Institute of Technology Puducherry,52.36,5.42,53.92,68.57,6.83,Karaikal,Puducherry,35.66,144,2021
IR-E-C-19747,Anurag University,55.78,2.62,52.86,60.28,14.31,Hyderabad,Telangana,35.55,146,2021
IR-E-C-10342,Chandigarh Engineering College,60.56,4.7,46.08,66.18,0,Sahibzada Ajit Singh Nagar,Punjab,35.42,147,2021
IR-E-S-8898,"National Institute of Food Technology, Entrepreneurship & Management",52.72,5.62,57.16,63.41,0.74,Sonipat,Haryana,35.35,148,2021
IR-E-C-18254,Yeshwantrao Chavan College of Engineering,56.1,7.1,55.05,52.36,0.74,Nagpur,Maharashtra,35.28,149,2021
IR-E-U-0938,Dr. Vishwanath Karad MIT World Peace University,61.8,6.18,50.16,48.25,0,Pune,Maharashtra,35.24,150,2021
IR-E-N-10,SVKM`s Narsee Monjee Institute of Management Studies,56.25,7.13,52.07,55.33,2.17,Mumbai,Maharashtra,35.18,151,2021
IR-E-C-1336,BMS Institute of Technology & Management,49.99,4.88,59.32,54.59,13.24,Bengaluru,Karnataka,35.1,152,2021
IR-E-U-0146,Nirma University,52.02,13.43,51.68,45.95,4.9,Ahmedabad,Gujarat,35.07,153,2021
IR-E-U-0604,"Amity University, Gwalior",57.48,3.71,58.75,46.18,2.87,Gwalior,Madhya Pradesh,35.02,154,2021
IR-E-C-19607,CVR College Of Engineering,58.79,3.48,54.75,52.16,1.46,Ibrahimpatan,Telangana,35,155,2021
IR-E-C-8277,"Government Engineering College, Thrissur",60.69,3.88,50.29,51.95,2.87,Thrissur,Kerala,34.91,156,2021
IR-E-U-0223,"Jain University, Bangalore",48.96,18.52,44.87,54.32,0.74,Bengluru,Karnataka,34.72,157,2021
IR-E-U-0592,Maulana Abul Kalam Azad University of Technology,46.79,18.71,52.47,42.66,2.87,Nadia,West Bengal,34.7,158,2021
IR-E-C-19706,Institute of Aeronautical Engineering,50.17,14.51,49.88,49.39,2.87,Hyderabad,Telangana,34.61,159,2021
IR-E-U-0615,National Institute of Technology Arunachal Pradesh,59.59,9.94,41.8,51.5,2.17,Itanagar,Arunachal Pradesh,34.59,160,2021
IR-E-U-0685,Indira Gandhi Delhi Technical University for Women,43.09,8.82,65.36,54.48,4.23,Delhi,Delhi,34.52,161,2021
IR-E-U-0384,Sant Longowal Institute of Engineering & Technology,58.4,16.31,29.59,57.04,4.9,Longowal,Punjab,34.52,161,2021
IR-E-C-30153,"Silicon Institute of Technology (SIT), Bhubaneswar",55.5,3.07,54.5,59.17,0.74,Bhubaneswar,Odisha,34.46,163,2021
IR-E-C-37065,Kongu Engineering College,57.61,8,46.3,43.96,10.45,Perundurai,Tamil Nadu,34.38,164,2021
IR-E-C-19534,Goka Raju Ranga Raju Institute of Engineering & Technology,55.87,5.71,52.63,49.43,4.23,Hyderabad,Telangana,34.36,165,2021
IR-E-U-0443,Annamalai University,59.64,25.05,21.64,30.19,14.83,Annamalainagar,Tamil Nadu,34.23,166,2021
IR-E-U-0535,Rajiv Gandhi Institute of Petroleum Technology,58.91,7.14,49.49,42.47,2.17,Amethi,Uttar Pradesh,34.18,167,2021
IR-E-C-1352,Nitte Meenakshi Institute of Technology,57.43,4.88,50.31,51.73,2.17,Bengaluru,Karnataka,34.14,168,2021
IR-E-C-6192,Institute of Engineering & Management,50.66,9.34,44.8,67.09,4.23,Kolkata,West Bengal,34.09,169,2021
IR-E-C-16614,R.M.K. Engineering College,54.45,3.25,55.6,52.39,3.56,Thiruvallur,Tamil Nadu,34.04,170,2021
IR-E-I-1093,Noida Institute of Engineering & Technology,52.45,1.37,57.5,48.67,14.83,Greater Noida,Uttar Pradesh,33.99,171,2021
IR-E-U-0454,Hindustan Institute of Technology and Science (HITS),48.41,17.65,44.02,46.84,6.83,Chennai,Tamil Nadu,33.98,172,2021
IR-E-C-42227,Dr. D. Y. Patil Institute of Technology,53.67,0.46,60.1,51.72,5.55,Pune,Maharashtra,33.98,172,2021
IR-E-U-0376,Guru Nanak Dev University,24.31,32.53,56.36,46.22,10.45,Amritsar,Punjab,33.98,172,2021
IR-E-C-37089,Sri Ramakrishna Engineering College,54.46,6.83,50.09,45.1,10.45,Coimbatore,Tamil Nadu,33.96,175,2021
IR-E-C-46111,KIET Group of Institutions,57.83,4.54,53.35,44.67,0,Ghaziabad,Uttar Pradesh,33.85,176,2021
IR-E-U-0643,Galgotias University,54.08,8.46,49.47,49.18,2.17,Gautam Budh Nagar,Uttar Pradesh,33.79,177,2021
IR-E-C-18010,Velagapudi Ramakrishna Siddhartha Engineering College,54.41,8.15,46.79,52.53,3.56,Vijayawada,Andhra Pradesh,33.73,178,2021
IR-E-U-0541,Sharda University,52.08,10.44,41.15,54.55,12.15,Greater Noida,Uttar Pradesh,33.64,179,2021
IR-E-U-0854,KLE Technological University,54.63,6.75,50.42,48.01,2.87,Dharwad,Karnataka,33.58,180,2021
IR-E-C-36143,Shri G. S. Institute of Technology & Science,52.93,3.8,55.1,48.3,6.19,Indore,Madhya Pradesh,33.49,181,2021
IR-E-U-0046,North Eastern Regional Institute of Science & Technology,60.11,11.98,34.94,43.51,4.23,Itanagar,Arunachal Pradesh,33.38,182,2021
IR-E-C-16537,St. Josephs College of Engineering,51.5,10.67,50.71,45.66,0,Kancheepuram,Tamil Nadu,33.36,183,2021
IR-E-C-36022,Lakshmi Narain College of Technology,51.79,1.86,57.61,55.45,0.74,Bhopal,Madhya Pradesh,33.23,184,2021
IR-E-U-0353,Centurion  University  of Technology and Management,52.52,3.79,54.32,53.05,0.74,Paralakhemundi,Odisha,33.14,185,2021
IR-E-I-1356,Rabindranath Tagore University,56.04,1.76,47.95,61.42,0,Raisen,Madhya Pradesh,33.07,186,2021
IR-E-U-0616,National Institute of Technology Uttarakhand,57.07,12.26,42.75,35.71,1.46,Srinagar (Garhwal),Uttarakhand,33.07,186,2021
IR-E-C-1412,JSS Science and Technology University,50.71,4.3,53.39,49.93,8.68,Mysuru,Karnataka,33.04,188,2021
IR-E-C-16560,Easwari Engineering College,51.44,2.41,56.66,48.49,4.23,Chennai,Tamil Nadu,32.75,189,2021
IR-E-I-1033,International Institute of Information Technology Bhubaneswar,42.3,12.58,54.47,49.64,4.23,Bhubaneswar,Odisha,32.73,190,2021
IR-E-C-27089,National Engineering College,56.42,5.8,45.79,46.72,1.46,Kovilpatti,Tamil Nadu,32.64,191,2021
IR-E-C-37028,Sona College of Technology,53.68,4.16,49.5,48.67,4.9,Salem,Tamil Nadu,32.61,192,2021
IR-E-C-1406,C M R Institute of Technology,55.56,4.14,46.07,52.22,2.17,Bengaluru,Karnataka,32.56,193,2021
IR-E-C-46239,G.L.Bajaj Institute of Technology and Management,57.13,3.72,47.78,47.32,0,Greater Noida,Uttar Pradesh,32.55,194,2021
IR-E-U-0774,DIT University,50.14,7.09,48.53,55.03,1.46,Dehradun,Uttarakhand,32.53,195,2021
IR-E-C-1438,The National Institute of Engineering,53.79,2.33,51.03,50.48,4.23,Mysuru,Karnataka,32.52,196,2021
IR-E-C-33584,K. J. Somaiya College of Engineering,52.22,3.33,58.94,38.08,2.17,Mumbai,Maharashtra,32.48,197,2021
IR-E-C-27400,Kakatiya Institute of Technology & Science,55.8,1.64,49.13,49.25,4.9,Warangal,Telangana,32.48,197,2021
IR-E-C-11015,Walchand College of Engineering,48.25,4.54,56.11,47.93,6.19,Sangli,Maharashtra,32.46,199,2021
IR-E-U-0037,Sri Venkateswara University,41.76,25.59,37.58,43.31,3.56,Tirupati,Andhra Pradesh,32.42,200,2021
IR-E-U-0456,Indian Institute of Technology Madras,94.61,97.66,80.42,62.85,100,Chennai,Tamil Nadu,90.04,1,2022
IR-E-I-1074,"Indian Institute of Technology, Delhi",86.94,96.01,83.42,68.56,96.92,New Delhi,Delhi,88.12,2,2022
IR-E-U-0306,"Indian Institute of Technology, Bombay",87.53,90.82,79.19,57.37,88.7,Mumbai,Maharashtra,83.96,3,2022
IR-E-I-1075,Indian Institute of Technology Kanpur,87.95,79.98,89.7,59.47,83.01,Kanpur,Uttar Pradesh,82.56,4,2022
IR-E-U-0573,"Indian Institute of Technology, Kharagpur",79.21,84.6,80.91,53.08,82.63,Kharagpur,West Bengal,78.89,5,2022
IR-E-U-0560,"Indian Institute of Technology, Roorkee",75.98,78.11,90.13,63.09,61.36,Roorkee,Uttarakhand,76.7,6,2022
IR-E-U-0053,Indian Institute of Technology Guwahati,75.89,72.89,84.64,56.9,57.15,Guwahati,Assam,72.98,7,2022
IR-E-U-0467,"National Institute of Technology, Tiruchirappalli",76.39,58.44,79.17,64.48,64.38,Tiruchirappalli,Tamil Nadu,69.17,8,2022
IR-E-U-0013,Indian Institute of Technology Hyderabad,80.31,59.89,72.4,54.85,59.96,Hyderabad,Telangana,68.03,9,2022
IR-E-U-0237,"National Institute of Technology Karnataka, Surathkal",72.86,56.42,77.7,63.89,53.24,Surathkal,Karnataka,66.04,10,2022
IR-E-U-0575,Jadavpur University,71.38,64.42,78.12,52.34,40.97,Kolkata,West Bengal,65.68,11,2022
IR-E-U-0490,Vellore Institute of Technology,62.54,73.3,69.45,59.27,49.6,Vellore,Tamil Nadu,65.53,12,2022
IR-E-U-0701,Indian Institute of Technology (Banaras Hindu University) Varanasi,62.62,57.26,81.72,56.06,55.89,Varanasi,Uttar Pradesh,63.51,13,2022
IR-E-U-0205,Indian Institute of Technology (Indian School of Mines),68.7,65.37,71.17,54.35,36.23,Dhanbad,Jharkhand,63.5,14,2022
IR-E-U-0357,National Institute of Technology Rourkela,73.39,59.45,71.8,57.08,24.43,Rourkela,Odisha,62.36,15,2022
IR-E-U-0273,Indian Institute of Technology Indore,76.28,56.75,70.38,52.48,24.43, Indore,Madhya Pradesh,61.68,16,2022
IR-E-U-0439,Anna University,64.33,64.59,57.8,48.87,62.83,Chennai,Tamil Nadu,61.41,17,2022
IR-E-U-0308,Institute of Chemical Technology,76.45,56.98,69.53,54.58,19.95,Mumbai,Maharashtra,61.4,18,2022
IR-E-U-0436,Amrita Vishwa Vidyapeetham,68.97,58.64,61.4,61.738,41.78,Coimbatore,Tamil Nadu,60.92,19,2022
IR-E-U-0184,"Indian Institute of Technology, Mandi",75.77,44.05,77.55,67.16,22.57,Mandi,Himachal Pradesh,60.43,20,2022
IR-E-U-0025,National Institute of Technology Warangal,73.99,45.7,75.11,54.91,35.77,Warangal,Telangana,60,21,2022
IR-E-U-0378,Indian Institute of Technology Ropar,81.07,38.79,68.76,63.67,30.87,Rupnagar,Punjab,59.16,22,2022
IR-E-U-0139,"Indian Institute of Technology, Gandhinagar",80.19,39.08,64.63,60.47,35.07,Gandhinagar,Gujarat,58.27,23,2022
IR-E-U-0473,S.R.M. Institute of Science and Technology,61.2,59.21,67.17,61.76,22.89,Chennai,Tamil Nadu,58.02,24,2022
IR-E-U-0497,Amity University,69.95,62.19,55.67,57.33,12.19,Gautam Budh Nagar,Uttar Pradesh,57.73,25,2022
IR-E-U-0108,"Jamia Millia Islamia, New Delhi",59.54,57.45,73.54,60.94,16.07,New Delhi,Delhi,57.51,26,2022
IR-E-U-0363,Siksha `O` Anusandhan,75.94,40.02,68.72,69.54,19.95,Bhubaneswar,Odisha,57.48,27,2022
IR-E-I-1480,Thapar Institute of Engineering and Technology,59.52,56.97,71.19,54.55,25.33,Patiala,Punjab,57.18,28,2022
IR-E-U-0391,Birla Institute of Technology & Science - Pilani,60.85,46.28,78.27,54.19,36.91,Pilani,Rajasthan,56.9,29,2022
IR-E-U-0395,Indian Institute of Technology Jodhpur,78.42,34.93,74.41,66.44,11.78,Jodhpur,Rajasthan,56.7,30,2022
IR-E-U-0263,"National Institute of Technology, Calicut",67.13,36.31,76.86,63.72,38.88,Kozhikode,Kerala,56.66,31,2022
IR-E-U-0334,"Visvesvaraya National Institute of Technology, Nagpur",66.39,48.86,75.65,53.15,16.07,Nagpur,Maharashtra,56.62,32,2022
IR-E-U-0064,"Indian Institute of Technology, Patna",71.45,47.78,62.39,51.47,27.92,Patna,Bihar,56.19,33,2022
IR-E-U-0577,National Institute of Technology Durgapur,67.61,43.31,72.76,57.76,21.61,Durgapur,West Bengal,55.76,34,2022
IR-E-U-0098,Delhi Technological University,68.97,34.77,73.66,56.16,42.38,New Delhi,Delhi,55.65,35,2022
IR-E-U-0355,Indian Institute of Technology Bhubaneswar,70.09,36.9,70,60.78,29.29,Bhubaneswar,Odisha,55.11,36,2022
IR-E-U-0496,Aligarh Muslim University,70.9,53.82,57,42.37,16.43,Aligarh,Uttar Pradesh,54.7,37,2022
IR-E-U-0055,"National Institute of Technology, Silchar",65.48,48,66.8,57.58,14.56,Silchar,Assam,54.63,38,2022
IR-E-U-0458,Kalasalingam Academy of Research and Education,73.6,32.26,64.82,74.34,24.73,Srivilliputtur,Tamil Nadu,54.62,39,2022
IR-E-U-0584,"Indian Institute of Engineering Science and Technology, Shibpur",60.11,48.02,67.41,48.26,38.23,Howrah,West Bengal,54.57,40,2022
IR-E-U-0476,Shanmugha Arts Science Technology & Research Academy,70.02,40.16,67.29,55.94,12.59,Thanjavur,Tamil Nadu,53.36,41,2022
IR-E-U-0356,Kalinga Institute of Industrial Technology,70.26,35.75,58.51,76.96,18.58,Bhubaneswar,Odisha,53.06,42,2022
IR-E-U-0255,Indian Institute of Space Science and Technology,75.78,25.34,62.6,61.97,33.15,Thiruvananthapuram,Kerala,52.37,43,2022
IR-E-U-0020,Koneru Lakshmaiah Education Foundation University (K L College of Engineering),70.08,44.81,52.73,56.17,12.99,Vaddeswaram,Andhra Pradesh,51.93,44,2022
IR-E-U-0747,Chandigarh University,75.92,24.84,52.44,79.48,30.61,Mohali,Punjab,51.73,45,2022
IR-E-U-0410,Malaviya National Institute of Technology,62.58,46.35,62.2,55.14,10.53,Jaipur,Rajasthan,51.69,46,2022
IR-E-U-0530,Motilal Nehru National Institute of Technology,59.01,37.98,75.22,52.14,18.23,Prayagraj,Uttar Pradesh,51.17,47,2022
IR-E-C-16604,Sri Sivasubramaniya Nadar College of Engineering,63.78,37.32,63.41,52.63,22.25,Kancheepuram,Tamil Nadu,50.5,48,2022
IR-E-U-0249,Visvesvaraya Technological University,72.06,40.88,52.12,52.47,6.54,Belgaum,Karnataka,50.2,49,2022
IR-E-U-0172,National Institute of Technology Kurukshetra,57.73,43.66,63.35,55.33,14.94,Kurukshetra,Haryana,50.11,50,2022
IR-E-U-0379,Lovely Professional University,65.51,36.85,51.86,67.5,17.52,Phagwara,Punjab,49.58,51,2022
IR-E-U-0374,Dr. B R Ambedkar National Institute of Technology,68.15,29.01,59.18,63.99,12.59,Jalandhar,Punjab,49.45,52,2022
IR-E-U-0202,Birla Institute of Technology,66.55,34.54,56.6,50.58,26.21,Ranchi,Jharkhand,49.33,53,2022
IR-E-U-0474,Sathyabama Institute of Science and Technology,64.87,37.36,46.77,63.38,21.93,Chennai,Tamil Nadu,48.56,54,2022
IR-E-C-7252,Manipal Institute of Technology,67.36,33.36,49.49,62.48,19.61,Manipal,Karnataka,48.33,55,2022
IR-E-U-0844,Indian Institute of Technology,77.47,14.95,60.24,56.79,27.07,Yerpedu,Karnataka,48.16,56,2022
IR-E-C-37013,PSG College of Technology,66.5,24.9,50.81,48.09,52.94,Coimbatore,Tamil Nadu,47.68,57,2022
IR-E-U-0149,Sardar Vallabhbhai National Institute of Technology,56.53,38.64,65.09,49.87,10.53,Surat,Gujarat,47.61,58,2022
IR-E-U-0389,Banasthali Vidyapith,65.21,18.25,69.77,73.14,7,Banasthali,Rajasthan,47,59,2022
IR-E-U-0619,National Institute of Technology Meghalaya,66.65,27.9,57.7,62.98,4.63,Shillong,Meghalaya,46.67,60,2022
IR-E-U-0564,University of Petroleum and Energy Studies,65.41,27.85,48.09,62.23,26.21,Dehradun,Uttarakhand,46.43,61,2022
IR-E-U-0014,International Institute of Information Technology Hyderabad,49.17,38.58,64,51.01,21.93,Hyderabad,Telangana,46.41,62,2022
IR-E-U-0072,National Institute of Technology,60.96,32.77,65.76,42.69,7,Patna,Bihar,46.24,63,2022
IR-E-U-0555,Graphic Era University,71.05,18.2,48.13,67.28,27.35,Dehradun,Uttarakhand,45.87,64,2022
IR-E-U-0092,National Institute of Technology,55.61,34.77,61.22,56.62,7,Raipur,Chhattisgarh,45.71,65,2022
IR-E-U-0197,National Institute of Technology Srinagar,63.2,19.8,64.43,65.87,11.37,Srinagar,Jammu and Kashmir,45.52,66,2022
IR-E-C-1331,M. S. Ramaiah Institute of Technology,66.09,19.82,61.93,55.17,14.94,Bengaluru,Karnataka,45.17,67,2022
IR-E-U-0878,Indian Institute of Technology Palakkad,70.69,12.11,60.25,63.89,16.43,Palakkad,Kerala,44.92,68,2022
IR-E-U-0105,Indraprastha Institute of Information Technology Delhi,50.13,34.83,69.3,42.56,11.78,New Delhi,Delhi,44.79,69,2022
IR-E-U-0284,Maulana Azad National Institute of Technology,54.9,29.822,62.3,59.06,6.54,Bhopal,Madhya Pradesh,44.63,70,2022
IR-E-U-0297,Defence Institute of Advanced Technology,62.13,36.01,53.95,41.34,2.64,Pune,Maharashtra,44.62,71,2022
IR-E-C-41593,College of Engineering,62.33,17.11,65.13,51.65,23.51,Pune,Maharashtra,44.38,72,2022
IR-E-C-36995,Sri Krishna College of Engineering and Technology,62.39,17.13,64.52,50.18,23.82,Coimbatore,Tamil Nadu,44.16,73,2022
IR-E-U-0099,Guru Gobind Singh Indraprastha University,55.21,33.01,52.63,47.6,22.57,New Delhi,Delhi,44.02,74,2022
IR-E-U-0749,Manipal University,63.54,24.44,56.68,59.53,1.6,Jaipur,Rajasthan,43.83,75,2022
IR-E-U-0017,Jawaharlal Nehru Technological University,65.66,27.4,44.02,53.95,6.54,Hyderabad,Telangana,42.77,76,2022
IR-E-C-24004,AU College of Engineering (A),61.41,11.74,72.13,56.02,7.91,Visakhapatnam,Andhra Pradesh,42.76,77,2022
IR-E-U-0267,Atal Bihari Vajpayee Indian Institute of Information Technology and Management,52.58,20.54,71.53,56.11,7,Gwalior,Madhya Pradesh,42.56,78,2022
IR-E-C-6379,Netaji Subhas University of Technology (NSUT),52.77,19.49,68.21,44.44,23.2,New Delhi,Delhi,42.14,79,2022
IR-E-U-0493,National Institute of Technology Agartala,56.59,25.44,54.19,59.64,5.12,Agratala,Tripura,41.92,80,2022
IR-E-U-0221,International Institute of Information Technology Bangalore,55.21,16.15,63.61,59.96,17.88,Bengaluru,Karnataka,41.91,81,2022
IR-E-U-0286,"Pandit Dwarka Prasad Mishra Indian Institute of Information Technology, Design and Manufacturing (IIITDM) Jabalpur",45.78,28.74,66.45,59.38,2.12,Jabalpur,Madhya Pradesh,41.79,82,2022
IR-E-C-1262,B.M.S. College of Engineering,59.48,15.52,60.73,52.29,18.23,Bengaluru,Karnataka,41.71,83,2022
IR-E-U-0489,Vel Tech Rangarajan Dr. Sagunthala R & D Institute of Science and Technology,54.81,31.13,44.91,63.79,2.12,Chennai,Tamil Nadu,41.35,84,2022
IR-E-C-26794,Thiagarajar College of Engineering,51.94,19.32,59.66,48.59,29.29,Madurai,Tamil Nadu,41.1,85,2022
IR-E-C-45375,"National Institute of Food Technology, Entrepreneurship and Management - Thanjavur (NIFTEM - Thanjavur)",71.85,14.18,46.47,56.98,2.64,Thanjavur,Tamil Nadu,41.06,86,2022
IR-E-U-0080,Punjab Engineering College (Deemed to be University),50.67,17.94,65.84,53.66,19.27,Chandigarh,Chandigarh,41.05,87,2022
IR-E-U-0620,National Institute of Technology Goa,54.95,22.51,54.51,58.11,8.36,Ponda,Goa,40.78,88,2022
IR-E-C-1269,R.V. College of Engineering,61.27,16.36,55.29,50.75,12.99,Bengaluru,Karnataka,40.73,89,2022
IR-E-U-0207,"National Institute of Technology, Jamshedpur",53.43,19.09,67.16,46.77,8.36,Jamshedpur,Jharkhand,40.71,90,2022
IR-E-C-19754,SR University,65.52,13.28,47.9,62.23,12.59,Warangal,Telangana,40.69,91,2022
IR-E-U-0078,Panjab University,40.83,45.39,44.4,46.52,11.78,Chandigarh,Chandigarh,40.58,92,2022
IR-E-U-0516,Indian Institute of Information Technology Allahabad,42.53,18.48,73.98,51.68,22.57,Prayagraj (Allahabad),Uttar Pradesh,40.53,93,2022
IR-E-U-0522,Jaypee Institute of Information Technology,51.63,25.12,59.97,48.68,6.07,Noida,Uttar Pradesh,40.5,94,2022
IR-E-C-16626,Rajalakshmi Engineering College,65.04,9.2,59.85,59.19,3.14,Chennai,Tamil Nadu,40.47,95,2022
IR-E-U-0163,The Northcap University,64.69,14.58,54.88,51.64,4.14,Gurugram,Uttar Pradesh,40.33,96,2022
IR-E-C-1297,Siddaganga Institute of Technology,61.64,14.03,55.39,51.19,13.39,Tumkur,Karnataka,40.24,97,2022
R-E-C-30045,"C.V. Raman Global University, Odisha",63.66,5.32,59.35,63.98,12.19,Bhubaneswar,Odisha,40.19,98,2022
IR-E-U-0043,"Vignan's Foundation for Science, Technology and Research",61.64,21.12,46.96,56.3,3.14,Guntur,Andhra Pradesh,40.16,99,2022
IR-E-U-0733,PES University,56.27,14.93,63.78,51.02,9.24,Bengaluru,Karnataka,40.14,100,2022
IR-E-U-0201,Shri Mata Vaishno Devi University,61.82,24.29,48.15,44.01,2.12,Katra,Jammu and Kashmir,40.08,101,2022
IR-E-U-0011,Gandhi Institute of Technology and Managemen,51.11,21.08,63.87,49.8,5.12,Visakhapatnam,Andhra Pradesh,39.92,102,2022
IR-E-U-0445,B. S. Abdur Rahman Crescent Institute of Science and Technology,62.27,21.2,49,46.66,4.14,Chennai,Tamil Nadu,39.92,103,2022
IR-E-C-36969,Coimbatore Institute of Technology,63.02,11.44,49.69,49.29,26.21,Coimbatore,Tamil Nadu,39.83,104,2022
IR-E-U-0169,Manav Rachna International Institute of Research & Studies,59.69,9.37,60.8,57.31,10.53,Faridabad,Haryana,39.66,105,2022
IR-E-U-0147,Pandit Deendayal Energy University,56.47,26.12,54.25,35.49,4.63,Gandhinagar,Gujarat,39.64,106,2022
IR-E-U-0460,Karunya Institute of Technology and Sciences,50.77,30.69,43.86,51.16,10.95,Coimbatore,Tamil Nadu,39.43,107,2022
IR-E-U-0613,National Institute of Technology Manipur,63.58,16.86,43.79,59.74,4.63,Imphal,Manipur,39.32,108,2022
IR-E-C-36926,Kumaraguru College of Technology,59.36,15.32,54.14,45.08,15.69,Coimbatore,Tamil Nadu,39.32,108,2022
IR-E-C-43708,"College of Engineering, Trivandrum",60.64,12.79,54.11,52.55,11.37,Thiruvananthapuram,Kerala,39.24,110,2022
IR-E-U-0367,Veer Surendra Sai University of Technology,54.79,27.21,47.7,46.42,3.65,Burla,Odisha,39.14,111,2022
IR-E-U-0795,Indian Institute of Information Technology Guwahati,237.09,11.48,56.46,59,32.15,Guwahati,Assam,39.09,112,2022
IR-E-C-19667,Vallurupalli Nageswara Rao Vignana Jyothi Institute of Engineering and Technology,59.74,14.47,53.53,50.56,10.11,Hyderabad,Telangana,39.04,113,2022
IR-E-U-0155,"Amity University Haryana, Gurgaon",63.42,15.59,46.03,57.55,4.14,Gurugram,Haryana,38.87,114,2022
IR-E-U-0223,"Jain University, Bangalore",53.65,22.75,47.37,58.61,3.14,Bengluru,Karnataka,38.55,115,2022
IR-E-U-0938,Dr. Vishwanath Karad MIT World Peace University,65.58,9.67,54.35,48.12,2.64,Pune,Maharashtra,38.51,116,2022
IR-E-C-27616,University College of Engineering,60.15,9.49,55.99,61.92,2.12,Hyderabad,Telangana,38.49,117,2022
IR-E-C-37065,Kongu Engineering College,58.83,14.44,51.81,43.29,16.43,Perundurai,Tamil Nadu,38.31,118,2022
IR-E-C-33641,"Veermata Jijabai Technological Institute (VJTI, Mumbai)",50.23,13.68,63.97,54.46,8.8,Mumbai,Maharashtra,38.29,119,2022
IR-E-U-0507,Dayalbagh Educational Institute,62.73,9.86,52.88,49.82,9.24,Agra,Uttar Pradesh,38.26,120,2022
IR-E-C-1371,New Horizon College of Engineering,56.95,6.56,64.91,56.5,5.12,Bengaluru,Karnataka,38.18,121,2022
IR-E-C-37064,Sri Krishna College of Technology,54.89,12.91,61.72,46.61,7.91,Coimbatore,Tamil Nadu,38.14,122,2022
IR-E-U-0056,Tezpur University,50.33,30.7,44.63,40.88,7.91,Tezpur,Assam,38.12,123,2022
IR-E-C-50605,PSG Institute of Technology and Applied Research,61.19,6.17,54.07,49.88,20.29,Coimbatore,Tamil Nadu ,38.04,124,2022
IR-E-U-0146,Nirma University,53.06,18.6,57.81,45.36,4.14,Ahmedabad,Gujarat,38.01,125,2022
IR-E-U-0190,Shoolini University of Biotechnology and Management Sciences,49.11,27.77,45.78,52.78,5.12,Solan,Himachal Pradesh,38.01,125,2022
IR-E-S-8898,"National Institute of Food Technology, Enterprenurship & Management",58.17,8.74,56.42,63.09,1.6,Sonipat,Haryana,37.96,127,2022
IR-E-U-0189,"National Institute of Technology, Hamirpur",47.41,23.85,57.26,45.23,5.6,Hamirpur,Himachal Pradesh,37.91,128,2022
IR-E-U-0015,Jawaharlal Nehru Technological University,57.01,19.31,47.55,50.19,3.65,Kakinada,Andhra Pradesh,37.79,129,2022
IR-E-C-27058,Mepco Schlenk Engineering College,51.12,24.77,51.24,50.22,15.32,Sivakasi,Tamil Nadu,37.79,129,2022
IR-E-C-35417,Bharati Vidyapeeth Deemed University College of Engineering,57.32,3.15,61.89,67.14,5.12,Pune,Maharashtra,37.75,131,2022
IR-E-U-0616,National Institute of Technology Uttarakhand,61.05,18.92,44.19,45.53,3.65,Srinagar ,Jammu and Kashmir,37.75,131,2022
IR-E-U-0388,"Amity University, Jaipur",51.65,16.14,58.34,54.38,2.12,Jaipur,Rajasthan,37.65,133,2022
IR-E-U-0130,Dhirubhai Ambani Institute of Information and Communication Technology,48.59,10.64,71.82,49,6.07,Gandhinagar,Gujarat,37.64,134,2022
IR-E-N-10,SVKM`s Narsee Monjee Institute of Management Studies,56.8,12.47,55.01,56.41,1.6,Mumbai,Maharashtra,37.58,135,2022
IR-E-U-0621,National Institute of Technology Puducherry,52.4,10.61,52.53,71.66,9.24,Karaikal,Puducherry,37.49,136,2022
IR-E-C-1345,"P E S College of Engineering, Mandya",60.33,1.46,65.46,57.72,0,Mandya,Karnataka,37.4,137,2022
IR-E-U-0186,Jaypee University of Information Technology,44.77,25.87,57.18,44.53,3.14,Solan,Himachal Pradesh,37.39,138,2022
IR-E-C-10342,Chandigarh Engineering College,64.49,6.88,43.96,71.26,0.54,Sahibzada Ajit Singh Nagar,Punjab,37.37,139,2022
IR-E-C-19747,Anurag University,61.17,4.04,53.57,60.93,9.68,Hyderabad,Telangana,37.33,140,2022
IR-E-C-18010,Velagapudi Ramakrishna Siddhartha Engineering College,57.86,14.82,49.24,52.3,4.14,Vijayawada,Andhra Pradesh,37.3,141,2022
IR-E-I-1015,Vishwakarma Institute of Technology,58.11,7.27,59.8,50.59,6.54,Pune,Maharashtra,37.28,142,2022
IR-E-U-0175,"J. C. Bose University of Science and Technology, YMCA",57.53,10.43,57.83,50.53,2.64,Faridabad,Haryana,37.27,143,2022
IR-E-U-0373,Chitkara University,48.75,16.2,50.82,58.13,17.88,Rajpura,Punjab,37.24,144,2022
IR-E-I-1093,Noida Institute of Engineering & Technology,56.67,3.19,58.51,52.16,23.2,Greater Noida,Uttar Pradesh,37.2,145,2022
IR-E-C-18886,Shri Ramdeobaba College of Engineering and Managemen,56.99,9.31,57.6,50.89,5.12,Nagpur,Maharashtra,37.02,146,2022
IR-E-U-0643,Galgotias University,52.94,16.04,49.01,55.25,8.8,Gautam Budh Nagar,Uttar Pradesh,36.89,147,2022
IR-E-C-19534,Goka Raju Ranga Raju Institute of Engineering & Technology,54.03,12.59,57.1,50.18,3.65,Hyderabad,Telangana,36.79,148,2022
IR-E-U-0143,Maharaja Sayajirao University of Baroda,54.72,14.21,53.7,47.61,6.07,Vadodara,Gujarat,36.78,149,2022
IR-E-C-6581,Puducherry Engineering College,46.38,15.51,59.49,54.2,8.8,Puducherry,Puducherry,36.77,150,2022
IR-E-C-43264,"National Institute of Advanced Manufacturing Technology, ",67.53,4.93,49.22,49.31,2.64,Ranchi,Jharkhand,36.77,150,2022
IR-E-U-0454,Hindustan Institute of Technology and Science (HITS),50.09,26.26,42.12,48.27,5.6,Chennai,Tamil Nadu,36.71,152,2022
IR-E-U-0604,"Amity University, Gwalior",60.12,6.79,58.15,46.78,1.08,Gwalior,Madhya Pradesh,36.49,153,2022
IR-E-C-16614,R.M.K. Engineering College,57.46,8,56.48,52.18,3.14,Thiruvallur,Tamil Nadu,36.46,154,2022
IR-E-U-1119 ,Mahindra University,57.63,4.89,63.89,49.22,0,Hyderabad ,Telangana,36.46,154,2022
IR-E-I-1441 ,Saveetha Institute of Medical and Technical Sciences,45.55,30.02,35.88,64.76,1.08,Chennai ,Tamil Nadu,36.44,156,2022
IR-E-C-16547 ,Sri Sairam Engineering College,58.22,13.82,45.94,51.02,5.12,Kancheepuram ,Tamil Nadu,36.41,157,2022
IR-E-C-1412 ,JSS Science and Technology University,54.77,6.54,58.03,51.84,11.78,Mysuru ,Karnataka,36.36,158,2022
IR-E-U-0491 ,Vels Institute of Science Technology & Advanced Studies (VISTAS) -Chennai,51.96,23.56,47.22,41.85,0.54,Chennai,Tamil Nadu ,36.35,159,2022
IR-E-C-36975 ,Government College of Technology,47.78,10.05,58.06,49.81,22.89,Coimbatore,Tamil Nadu,36.22,160,2022
IR-E-C-30153 ,"Silicon Institute of Technology (SIT), Bhubaneswar",58.97,3.52,55.86,62.34,0.54,Bhubaneswar,Odisha,36.19,161,2022
IR-E-C-19650 ,Vardhaman College of Engineering,51.89,9.33,54.59,47.99,20.62,Rangareddy ,Telangana,36.15,162,2022
IR-E-C-18817 ,"G. H. Raisoni College of Engineering, Nagpur",57.48,10.43,48.65,54.57,5.6,Nagpur,Maharashtra,36.12,163,2022
IR-E-U-0541,Sharda University,57.74,17.36,37.44,55.57,5.12,Greater Noida ,Uttar Pradesh,36.1,164,2022
IR-E-C-26929 ,Sree Vidyanikethan Engineering College,53.63,9.35,50.85,50.83,19.27,Tirupati ,Andhra Pradesh,36.08,165,2022
IR-E-C-25622 ,Chaitanya Bharathi Institute of Technology,57.5,3.07,56.89,51.94,10.95,Hyderabad,Telangana,35.84,166,2022
IR-E-C-33773 ,Bharatiya Vidya Bhavan`s Sardar Patel Institute of Technology,46.53,13.11,63.92,46.41,3.14,Mumbai,Maharashtra,35.62,167,2022
IR-E-I-1356 ,Rabindranath Tagore University,61.9,2.01,51.25,61.99,0,Raisen,Madhya Pradesh,35.62,167,2022
IR-E-C-27089 ,National Engineering College,55.51,12.1,51.33,47.7,2.64,Kovilpatti,Tamil Nadu,35.58,169,2022
IR-E-C-19607 ,CVR College of Engineering,61.19,4.72,50.85,53.99,1.6,Ibrahimpatan,Telangana,35.51,170,2022
IR-E-U-0615 ,National Institute of Technology Arunachal Pradesh,55.96,15.27,40.91,54.84,4.63,Itanagar,Arunachal Pradesh,35.49,171,2022
IR-E-C-42054 ,Army Institute of Technology,51.13,2.36,64.88,57.85,5.6,Pune ,Maharashtra,35.38,172,2022
IR-E-U-0614,National Institute of Technology Sikkim,64.25,10.26,40.27,47.61,1.6,Ravangla ,Sikkim,35.33,173,2022
IR-E-C-37028 ,Sona College of Technology,57,8.01,52.71,48.43,4.14,Salem,Tamil Nadu,35.29,174,2022
IR-E-C-1400 ,NMAM Institute of Technology,55.31,11.4,50.35,48.78,3.14,"Nitte, Udupi ",Karnataka,35.27,175,2022
IR-E-C-16576 ,Chennai Institute of Technology,55.24,9.2,47.12,56.71,20,Chennai,Tamil Nadu,35.27,175,2022
IR-E-U-0685 ,Indira Gandhi Delhi Technical University for Women,39.39,11.03,67.25,50.12,16.43,New Delhi,Delhi,35.23,177,2022
IR-E-U-0384 ,Sant Longowal Institute of Engineering & Technology,57.44,18.52,30.12,60.83,3.14,Longowal,Punjab,35.2,178,2022
IR-E-U-0774 ,DIT University,51,9.61,54.93,56.62,3.14,Dehradun ,Uttarakhand,35.14,179,2022
IR-E-C-1406 ,C M R Institute of Technology,57.34,8.29,49.8,52,2.64,Bengaluru ,Karnataka,35.11,180,2022
IR-E-C-16560 ,Easwari Engineering College,52.44,7.2,57.96,51.24,3.65,Chennai,Tamil Nadu,35.07,181,2022
IR-E-U-0535 ,Rajiv Gandhi Institute of Petroleum Technology,58.81,7.05,54.22,43.96,0,Amethi,Uttar Pradesh,34.99,182,2022
IR-E-C-1352 ,Nitte Meenakshi Institute of Technology,56.55,7.71,50.82,53.81,1.6,Bengaluru,Karnataka,34.97,183,2022
IR-E-U-0455 ,"Indian Institute of Information Technology, Design & Manufacturing, Kancheepuram",36.37,13.15,62.59,51.37,24.12,Chennai,Tamil Nadu,34.93,184,2022
IR-E-C-18254 ,Yeshwantrao Chavan College of Engineering,52.41,8.77,57.07,50.74,0.54,Nagpur,Maharashtra,34.88,185,2022
IR-E-U-0513 ,G. L. A. University,55.52,19.67,37.61,45.62,1.08,Mathura,Uttar Pradesh,34.74,186,2022
IR-E-C-46111 ,KIET Group of Institutions,53.33,9.39,55.12,46.29,2.64,Ghaziabad,Uttar Pradesh,34.73,187,2022
IR-E-C-17958 ,GMR Institute of Technology,57.16,15.28,42.92,41.85,2.12,Rajam,Andhra Pradesh,34.71,188,2022
IR-E-U-0217 ,Christ University,45.9,19.22,41.37,52.22,16.07,Bengaluru,Karnataka,34.64,189,2022
IR-E-U-0765 ,Institute of Infrastructure Technology Research and Management (IITRAM),54.88,20.07,40.43,37.21,1.08,Ahmedabad,Gujarat,34.41,190,2022
IR-E-U-0168 ,Maharishi Markandeshwar,59.42,14.51,34.91,49.51,2.64,Ambala,Haryana,34.37,191,2022
IR-E-N-13 ,Galgotias College of Engineering & Technology,54.75,6.98,51.54,48.41,6.07,Greater Noida ,Uttar Pradesh,34.29,192,2022
IR-E-C-42227 ,Dr. D. Y. Patil Institute of Technology,53.48,1.49,59.71,51.98,4.63,Pune,Maharashtra,34.1,193,2022
IR-E-U-0622 ,National Institute of Technology Delhi,41.6,22.59,44.71,42.73,14.94,New Delhi,Delhi,33.96,194,2022
IR-E-C-46239 ,G. L. Bajaj Institute of Technology and Management,54.48,10.21,47.98,47.79,1.6,Greater Noida ,Uttar Pradesh,33.95,195,2022
IR-E-U-0854 ,KLE Technological University,51.27,10.36,50.84,48.3,4.14,Dharwad,Karnataka,33.9,196,2022
IR-E-C-33777,Shri Vile Parle Kelavani Mandal`s Dwarkadas J. Sanghvi College of Engineering,53.37,6.11,58.33,42.72,1.08,Mumbai Suburban,Maharashtra,33.88,197,2022
IR-E-C-16504 ,Sri Venkateswara College of Engineering and Technology,51.15,1.53,59.06,58.36,3.14,Chittoor,Andhra Pradesh,33.77,198,2022
IR-E-C-1336 ,BMS Institute of Technology & Management,46.4,4.77,56.46,54.38,16.8,Bengaluru,Karnataka,33.76,199,2022
IR-E-C-19582 ,Vidya Jyothi Institute of Technology,57.97,2.81,46.58,55.46,6.07,Hyderabad,Telangana,33.7,200,2022
